{
  "hash": "876e643f",
  "configHash": "3aa06ad3",
  "lockfileHash": "be3be625",
  "browserHash": "b6c87ee7",
  "optimized": {
    "@angular/common": {
      "src": "../../../../../node_modules/@angular/common/fesm2022/common.mjs",
      "file": "@angular_common.js",
      "fileHash": "0f2b9150",
      "needsInterop": false
    },
    "@angular/common/http": {
      "src": "../../../../../node_modules/@angular/common/fesm2022/http.mjs",
      "file": "@angular_common_http.js",
      "fileHash": "7a40960b",
      "needsInterop": false
    },
    "@angular/core": {
      "src": "../../../../../node_modules/@angular/core/fesm2022/core.mjs",
      "file": "@angular_core.js",
      "fileHash": "e2ba6765",
      "needsInterop": false
    },
    "@angular/forms": {
      "src": "../../../../../node_modules/@angular/forms/fesm2022/forms.mjs",
      "file": "@angular_forms.js",
      "fileHash": "6d7b46a4",
      "needsInterop": false
    },
    "@angular/platform-browser": {
      "src": "../../../../../node_modules/@angular/platform-browser/fesm2022/platform-browser.mjs",
      "file": "@angular_platform-browser.js",
      "fileHash": "155e3574",
      "needsInterop": false
    },
    "@angular/router": {
      "src": "../../../../../node_modules/@angular/router/fesm2022/router.mjs",
      "file": "@angular_router.js",
      "fileHash": "9aa451f1",
      "needsInterop": false
    },
    "@ng-bootstrap/ng-bootstrap": {
      "src": "../../../../../node_modules/@ng-bootstrap/ng-bootstrap/fesm2022/ng-bootstrap.mjs",
      "file": "@ng-bootstrap_ng-bootstrap.js",
      "fileHash": "d59e5ec6",
      "needsInterop": false
    },
    "@ng-icons/bootstrap-icons": {
      "src": "../../../../../node_modules/@ng-icons/bootstrap-icons/fesm2022/ng-icons-bootstrap-icons.mjs",
      "file": "@ng-icons_bootstrap-icons.js",
      "fileHash": "2e700a62",
      "needsInterop": false
    },
    "@ng-icons/core": {
      "src": "../../../../../node_modules/@ng-icons/core/fesm2022/ng-icons-core.mjs",
      "file": "@ng-icons_core.js",
      "fileHash": "48712f92",
      "needsInterop": false
    },
    "@ng-icons/heroicons/outline": {
      "src": "../../../../../node_modules/@ng-icons/heroicons/fesm2022/ng-icons-heroicons-outline.mjs",
      "file": "@ng-icons_heroicons_outline.js",
      "fileHash": "249fce4c",
      "needsInterop": false
    },
    "@ngrx/effects": {
      "src": "../../../../../node_modules/@ngrx/effects/fesm2022/ngrx-effects.mjs",
      "file": "@ngrx_effects.js",
      "fileHash": "bdcb6cea",
      "needsInterop": false
    },
    "@ngrx/store": {
      "src": "../../../../../node_modules/@ngrx/store/fesm2022/ngrx-store.mjs",
      "file": "@ngrx_store.js",
      "fileHash": "9263a4e4",
      "needsInterop": false
    },
    "@ngrx/store-devtools": {
      "src": "../../../../../node_modules/@ngrx/store-devtools/fesm2022/ngrx-store-devtools.mjs",
      "file": "@ngrx_store-devtools.js",
      "fileHash": "c3af4706",
      "needsInterop": false
    },
    "rxjs": {
      "src": "../../../../../node_modules/rxjs/dist/esm5/index.js",
      "file": "rxjs.js",
      "fileHash": "98634a53",
      "needsInterop": false
    },
    "sweetalert2": {
      "src": "../../../../../node_modules/sweetalert2/dist/sweetalert2.all.js",
      "file": "sweetalert2.js",
      "fileHash": "6e2b81cb",
      "needsInterop": true
    },
    "socket.io-client": {
      "src": "../../../../../node_modules/socket.io-client/build/esm/index.js",
      "file": "socket__io-client.js",
      "fileHash": "578398be",
      "needsInterop": false
    }
  },
  "chunks": {
    "chunk-RZEYA4TT": {
      "file": "chunk-RZEYA4TT.js"
    },
    "chunk-ZFFGHAM7": {
      "file": "chunk-ZFFGHAM7.js"
    },
    "chunk-ZTNW46R3": {
      "file": "chunk-ZTNW46R3.js"
    },
    "chunk-WWIVF67Q": {
      "file": "chunk-WWIVF67Q.js"
    },
    "chunk-BBEVTV44": {
      "file": "chunk-BBEVTV44.js"
    },
    "chunk-72KQO6HB": {
      "file": "chunk-72KQO6HB.js"
    },
    "chunk-7KAAHA5V": {
      "file": "chunk-7KAAHA5V.js"
    },
    "chunk-4J25ECOH": {
      "file": "chunk-4J25ECOH.js"
    },
    "chunk-SFFCLR5V": {
      "file": "chunk-SFFCLR5V.js"
    }
  }
}